YEAR,MONTH,DAY,VISITOR_TEAM,HOME_TEAM,MIN_LINE,MAX_LINE,AVERAGE_LINE
2006,11,01,Atlanta,Philadelphia,198.5,199.5,198.9
2006,11,01,Indiana,Charlotte,192.5,193.5,193.43333333333334
2006,11,01,Chicago,Orlando,183.5,187.5,183.76666666666668
2006,11,01,New Orleans,Boston,195.5,198.5,197.5
2006,11,01,Toronto,Brooklyn,195.5,202.5,201.36666666666667
2006,11,01,Sacramento,Minnesota,184.5,187.5,185.1
2006,11,01,Milwaukee,Detroit,189.5,194.5,194.16666666666666
2006,11,01,Washington,Cleveland,194.5,194.5,194.5
2006,11,01,New York,Memphis,184.5,196.5,195.03333333333333
2006,11,01,Houston,Utah,179.5,185.5,180.3
2006,11,01,L.A. Clippers,Phoenix,210.5,213.5,211.76666666666668
2006,11,01,L.A. Lakers,Golden State,199.5,205.5,204.56666666666666
2006,11,02,San Antonio,Dallas,182.5,187.5,182.83333333333334
2006,11,02,Denver,L.A. Clippers,200.5,209.5,208.76666666666668
2006,11,03,Milwaukee,Toronto,201.5,208.5,207.36666666666667
2006,11,03,Philadelphia,Orlando,191.5,194.5,191.7
2006,11,03,New Orleans,Indiana,190.5,193.5,192.63333333333333
2006,11,03,Detroit,Boston,192.5,195.5,194.76666666666668
2006,11,03,New York,Atlanta,202.5,204.5,204.36666666666667
2006,11,03,Brooklyn,Miami,185.5,191.5,187.1
2006,11,03,Charlotte,Memphis,187.5,190.5,188.76666666666668
2006,11,03,Cleveland,San Antonio,184.5,187.5,184.7
2006,11,03,Sacramento,Chicago,183.5,186.5,186.3
2006,11,03,Minnesota,Denver,193.5,198.5,198.16666666666666
2006,11,03,Utah,Phoenix,209.5,213.5,212.43333333333334
2006,11,03,Portland,Golden State,203.5,207.5,207.23333333333332
2006,11,04,Boston,Washington,200.5,200.5,200.5
2006,11,04,Cleveland,Charlotte,192.5,195.5,192.83333333333334
2006,11,04,Indiana,New York,203.5,203.5,203.5
2006,11,04,Memphis,Detroit,182.5,188.5,182.9
2006,11,04,Sacramento,Milwaukee,192.5,193.5,192.7
2006,11,04,Dallas,Houston,184.5,186.5,184.9
2006,11,04,Golden State,Utah,206.5,209.5,206.96666666666667
2006,11,04,Minnesota,Portland,188.5,193.5,189.5
2006,11,04,Phoenix,L.A. Clippers,211.5,217.5,212.03333333333333
2006,11,05,San Antonio,Toronto,192.5,192.5,192.5
2006,11,05,Miami,Philadelphia,188.5,189.5,188.63333333333333
2006,11,05,Orlando,Atlanta,194.5,198.5,194.76666666666668
2006,11,05,Houston,New Orleans,182.5,189.5,182.96666666666667
2006,11,06,Washington,Orlando,203.5,204.5,203.76666666666668
2006,11,06,San Antonio,New York,192.5,194.5,194.36666666666667
2006,11,06,Milwaukee,Chicago,190.5,191.5,190.63333333333333
2006,11,06,Golden State,Dallas,199.5,200.5,200.43333333333334
2006,11,06,Detroit,Utah,190.5,191.5,190.56666666666666
2006,11,06,Minnesota,Sacramento,181.5,187.5,187.1
2006,11,06,Portland,L.A. Clippers,193.5,200.5,194.63333333333333
2006,11,07,Atlanta,Cleveland,187.5,187.5,187.5
2006,11,07,Philadelphia,Indiana,196.5,198.5,198.36666666666667
2006,11,07,Houston,Memphis,178.5,180.5,178.63333333333333
2006,11,07,Golden State,New Orleans,198.5,198.5,198.5
2006,11,07,Minnesota,L.A. Lakers,197.5,205.5,198.3
2006,11,08,Philadelphia,Toronto,202.5,206.5,203.3
2006,11,08,Indiana,Washington,201.5,205.5,202.03333333333333
2006,11,08,Charlotte,Boston,199.5,201.5,200.96666666666667
2006,11,08,Utah,Brooklyn,189.5,193.5,190.3
2006,11,08,Houston,Milwaukee,188.5,191.5,188.96666666666667
2006,11,08,Phoenix,San Antonio,203.5,206.5,206.3
2006,11,08,New York,Denver,208.5,213.5,213.16666666666666
2006,11,08,L.A. Lakers,Portland,195.5,199.5,195.76666666666668
2006,11,08,Dallas,L.A. Clippers,191.5,193.5,192.16666666666666
2006,11,08,Detroit,Sacramento,186.5,188.5,187.43333333333334
2006,11,09,Chicago,Cleveland,181.5,183.5,182.9
2006,11,09,Dallas,Phoenix,207.5,212.5,208.63333333333333
2006,11,09,New Orleans,Golden State,196.5,196.5,196.5
2006,11,10,Orlando,Indiana,193.5,198.5,194.36666666666667
2006,11,10,Atlanta,Toronto,201.5,202.5,201.63333333333333
2006,11,10,Denver,Philadelphia,205.5,207.5,206.43333333333334
2006,11,10,Milwaukee,Washington,208.5,209.5,208.56666666666666
2006,11,10,Utah,Boston,196.5,200.5,196.76666666666668
2006,11,10,Miami,Brooklyn,183.5,186.5,184.23333333333332
2006,11,10,New York,Houston,195.5,196.5,196.16666666666666
2006,11,10,New Orleans,Portland,186.5,188.5,186.63333333333333
2006,11,10,Detroit,L.A. Lakers,195.5,196.5,195.63333333333333
2006,11,11,Boston,Cleveland,195.5,196.5,196.1
2006,11,11,New York,San Antonio,198.5,199.5,198.76666666666668
2006,11,11,Orlando,Minnesota,186.5,187.5,186.7
2006,11,11,Indiana,Chicago,187.5,187.5,187.5
2006,11,11,Utah,Milwaukee,198.5,199.5,199.16666666666666
2006,11,11,Memphis,Phoenix,204.5,205.5,205.3
2006,11,11,Detroit,Golden State,196.5,197.5,196.76666666666668
2006,11,12,New Orleans,L.A. Clippers,190.5,193.5,192.76666666666668
2006,11,12,Brooklyn,Washington,200.5,202.5,201.3
2006,11,12,Denver,Charlotte,203.5,206.5,203.7
2006,11,12,Houston,Miami,183.5,184.5,183.56666666666666
2006,11,12,Toronto,Sacramento,197.5,198.5,198.43333333333334
2006,11,12,Dallas,Portland,187.5,189.5,187.76666666666668
2006,11,12,Memphis,L.A. Lakers,186.5,191.5,187.1
2006,11,13,Cleveland,New York,198.5,199.5,199.43333333333334
2006,11,13,Orlando,Boston,198.5,199.5,199.23333333333332
2006,11,14,Milwaukee,Atlanta,204.5,205.5,204.76666666666668
2006,11,14,Denver,Miami,197.5,199.5,198.43333333333334
2006,11,14,Charlotte,New Orleans,191.5,191.5,191.5
2006,11,14,Portland,Minnesota,183.5,185.5,185.23333333333332
2006,11,14,San Antonio,Houston,177.5,178.5,177.56666666666666
2006,11,14,Chicago,Dallas,189.5,190.5,189.83333333333334
2006,11,14,L.A. Clippers,Utah,197.5,198.5,198.3
2006,11,14,Toronto,Golden State,208.5,214.5,214.1
2006,11,15,Denver,Orlando,205.5,207.5,207.36666666666667
2006,11,15,Portland,Cleveland,186.5,187.5,186.83333333333334
2006,11,15,Indiana,Boston,193.5,196.5,194.63333333333333
2006,11,15,Milwaukee,Brooklyn,194.5,199.5,195.63333333333333
2006,11,15,Washington,New York,211.5,212.5,211.56666666666666
2006,11,15,New Orleans,Detroit,186.5,188.5,187.3
2006,11,15,Charlotte,San Antonio,188.5,189.5,188.56666666666666
2006,11,15,Memphis,Sacramento,177.5,178.5,177.83333333333334
2006,11,16,Chicago,Houston,178.5,181.5,180.1
2006,11,16,Sacramento,Golden State,196.5,204.5,201.43333333333334
2006,11,17,Brooklyn,Indiana,186.5,187.5,186.9
2006,11,17,Portland,Boston,196.5,196.5,196.5
2006,11,17,New York,Miami,202.5,202.5,202.5
2006,11,17,Minnesota,Cleveland,186.5,186.5,186.5
2006,11,17,Washington,Detroit,199.5,200.5,200.3
2006,11,17,Dallas,Memphis,185.5,186.5,185.7
2006,11,17,Chicago,San Antonio,184.5,184.5,184.5
2006,11,17,Philadelphia,Phoenix,210.5,211.5,210.7
2006,11,17,Toronto,L.A. Lakers,208.5,208.5,208.5
2006,11,18,Cleveland,Washington,195.5,197.5,196.9
2006,11,18,Miami,Atlanta,192.5,192.5,192.5
2006,11,18,Charlotte,Orlando,193.5,193.5,193.5
2006,11,18,Portland,Brooklyn,187.5,188.5,187.7
2006,11,18,Boston,New York,208.5,208.5,208.5
2006,11,18,Houston,Detroit,182.5,182.5,182.5
2006,11,18,New Orleans,Minnesota,185.5,185.5,185.5
2006,11,18,Indiana,Milwaukee,197.5,198.5,197.9
2006,11,18,Memphis,Dallas,191.5,191.5,191.5
2006,11,18,Phoenix,Utah,212.5,213.5,212.7
2006,11,18,Toronto,Denver,214.5,215.5,214.7
2006,11,18,Philadelphia,L.A. Clippers,194.5,195.5,194.9
2006,11,19,Chicago,L.A. Lakers,195.5,196.5,196.1
2006,11,19,San Antonio,Sacramento,185.5,185.5,185.5
2006,11,20,Dallas,Charlotte,192.5,193.5,192.63333333333333
2006,11,20,Houston,New York,194.5,196.5,195.03333333333333
2006,11,20,Orlando,Memphis,185.5,186.5,185.76666666666668
2006,11,20,Toronto,Utah,212.5,213.5,212.83333333333334
2006,11,20,San Antonio,Portland,183.5,184.5,184.03333333333333
2006,11,20,Phoenix,Golden State,216.5,218.5,217.7
2006,11,21,Detroit,Philadelphia,187.5,191.5,188.56666666666666
2006,11,21,Memphis,Cleveland,183.5,183.5,183.5
2006,11,21,Milwaukee,Indiana,198.5,199.5,198.83333333333334
2006,11,21,Miami,New Orleans,183.5,184.5,184.03333333333333
2006,11,21,Washington,Dallas,203.5,206.5,204.5
2006,11,21,Chicago,Denver,205.5,206.5,205.96666666666667
2006,11,21,L.A. Clippers,L.A. Lakers,191.5,193.5,192.63333333333333
2006,11,22,Cleveland,Toronto,199.5,200.5,199.7
2006,11,22,Boston,Charlotte,198.5,200.5,199.63333333333333
2006,11,22,Indiana,Orlando,189.5,190.5,190.23333333333332
2006,11,22,Atlanta,Detroit,187.5,188.5,188.43333333333334
2006,11,22,Miami,San Antonio,182.5,183.5,182.76666666666668
2006,11,22,Philadelphia,Milwaukee,193.5,195.5,194.83333333333334
2006,11,22,New York,Minnesota,195.5,195.5,195.5
2006,11,22,Washington,Houston,192.5,194.5,193.16666666666666
2006,11,22,New Orleans,Phoenix,209.5,210.5,210.43333333333334
2006,11,22,Utah,Sacramento,204.5,205.5,205.3
2006,11,22,Brooklyn,Portland,184.5,184.5,184.5
2006,11,22,Denver,Golden State,216.5,217.5,217.43333333333334
2006,11,24,New York,Boston,208.5,210.5,210.23333333333332
2006,11,24,Chicago,Philadelphia,191.5,192.5,191.56666666666666
2006,11,24,Toronto,Atlanta,203.5,204.5,203.63333333333333
2006,11,24,Orlando,Miami,183.5,183.5,183.5
2006,11,24,Charlotte,Detroit,184.5,185.5,185.16666666666666
2006,11,24,Cleveland,Indiana,184.5,185.5,184.7
2006,11,24,Washington,Memphis,190.5,192.5,190.76666666666668
2006,11,24,Minnesota,New Orleans,184.5,185.5,184.7
2006,11,24,Dallas,San Antonio,188.5,189.5,188.7
2006,11,24,Golden State,Denver,219.5,221.5,220.5
2006,11,24,L.A. Lakers,Utah,202.5,204.5,203.43333333333334
2006,11,24,Brooklyn,Phoenix,203.5,204.5,204.36666666666667
2006,11,25,Detroit,Washington,196.5,197.5,197.36666666666667
2006,11,25,Miami,Charlotte,185.5,187.5,186.7
2006,11,25,Atlanta,Orlando,190.5,190.5,190.5
2006,11,25,Chicago,New York,199.5,200.5,199.83333333333334
2006,11,25,Philadelphia,Cleveland,190.5,192.5,192.1
2006,11,25,L.A. Clippers,Minnesota,186.5,187.5,186.9
2006,11,25,Memphis,Houston,178.5,178.5,178.5
2006,11,25,New Orleans,Dallas,186.5,188.5,187.5
2006,11,25,Boston,Milwaukee,207.5,207.5,207.5
2006,11,25,Portland,Sacramento,195.5,197.5,197.1
2006,11,25,Utah,Golden State,214.5,216.5,214.63333333333333
2006,11,26,Indiana,Toronto,198.5,199.5,198.56666666666666
2006,11,26,L.A. Clippers,Denver,212.5,215.5,214.76666666666668
2006,11,26,Phoenix,Portland,207.5,207.5,207.5
2006,11,26,Brooklyn,L.A. Lakers,191.5,192.5,191.63333333333333
2006,11,27,Philadelphia,Miami,194.5,196.5,196.36666666666667
2006,11,27,Minnesota,Dallas,184.5,185.5,185.16666666666666
2006,11,27,Orlando,Utah,197.5,198.5,198.1
2006,11,27,San Antonio,Golden State,195.5,199.5,195.76666666666668
2006,11,28,Atlanta,Washington,198.5,201.5,199.5
2006,11,28,Charlotte,Brooklyn,186.5,187.5,186.76666666666668
2006,11,28,Toronto,New Orleans,187.5,190.5,188.36666666666667
2006,11,28,New York,Chicago,198.5,199.5,198.7
2006,11,28,Minnesota,Houston,177.5,178.5,178.43333333333334
2006,11,28,Memphis,Denver,203.5,204.5,203.76666666666668
2006,11,28,L.A. Clippers,Sacramento,195.5,197.5,197.23333333333332
2006,11,28,Indiana,Portland,187.5,188.5,187.96666666666667
2006,11,28,Milwaukee,L.A. Lakers,201.5,202.5,202.43333333333334
2006,11,29,Charlotte,Atlanta,187.5,187.5,187.5
2006,11,29,New York,Cleveland,194.5,195.5,195.43333333333334
2006,11,29,Brooklyn,Boston,194.5,195.5,194.56666666666666
2006,11,29,Toronto,Dallas,192.5,194.5,192.9
2006,11,29,San Antonio,Utah,190.5,191.5,190.56666666666666
2006,11,29,Houston,Phoenix,196.5,197.5,196.56666666666666
2006,11,29,Memphis,L.A. Clippers,181.5,182.5,182.3
2006,11,29,Indiana,Golden State,204.5,206.5,205.96666666666667
2006,11,30,Detroit,Miami,192.5,193.5,192.56666666666666
2006,11,30,Utah,L.A. Lakers,198.5,202.5,199.3
2007,06,02,Detroit,Cleveland,173.5,173.5,173.5
2007,06,07,Cleveland,San Antonio,179.5,180.5,179.55263157894737
2007,06,10,Cleveland,San Antonio,175.5,178.5,175.97368421052633
2007,06,12,San Antonio,Cleveland,178.5,180.5,179.8684210526316
2007,06,14,San Antonio,Cleveland,176.5,177.5,176.81578947368422
2007,05,01,Brooklyn,Toronto,188.5,190.5,189.3
2007,05,01,Golden State,Dallas,205.5,207.5,206.03333333333333
2007,05,02,Denver,San Antonio,188.5,189.5,189.44117647058823
2007,05,02,L.A. Lakers,Phoenix,208.5,210.5,209.44117647058823
2007,05,03,Houston,Utah,183.5,184.5,183.7941176470588
2007,05,03,Dallas,Golden State,208.5,209.5,209.38235294117646
2007,05,04,Toronto,Brooklyn,188.5,190.5,189.8684210526316
2007,05,05,Chicago,Detroit,181.5,183.5,182.81578947368422
2007,05,06,Brooklyn,Cleveland,183.5,185.5,184.39473684210526
2007,05,06,San Antonio,Phoenix,200.5,200.5,200.5
2007,05,07,Chicago,Detroit,180.5,182.5,182.28947368421052
2007,05,07,Golden State,Utah,207.5,209.5,208.97368421052633
2007,05,08,Brooklyn,Cleveland,180.5,182.5,182.18421052631578
2007,05,08,San Antonio,Phoenix,203.5,206.5,205.71052631578948
2007,05,09,Golden State,Utah,213.5,213.5,213.5
2007,05,10,Detroit,Chicago,183.5,185.5,185.07894736842104
2007,05,11,Utah,Golden State,216.5,217.5,216.8684210526316
2007,05,12,Cleveland,Brooklyn,184.5,186.5,185.8684210526316
2007,05,12,Phoenix,San Antonio,200.5,203.5,201.81578947368422
2007,05,13,Detroit,Chicago,181.5,182.5,181.66666666666666
2007,05,13,Utah,Golden State,219.5,220.5,219.66666666666666
2007,05,14,Cleveland,Brooklyn,184.5,185.5,184.85294117647058
2007,05,14,Phoenix,San Antonio,202.5,203.5,203.44117647058823
2007,05,15,Chicago,Detroit,182.5,184.5,183.23684210526315
2007,05,15,Golden State,Utah,216.5,217.5,217.44736842105263
2007,05,16,Brooklyn,Cleveland,183.5,183.5,183.5
2007,05,16,San Antonio,Phoenix,201.5,202.5,202.18421052631578
2007,05,17,Detroit,Chicago,182.5,184.5,182.81578947368422
2007,05,18,Cleveland,Brooklyn,181.5,181.5,181.5
2007,05,18,Phoenix,San Antonio,199.5,201.5,200.02631578947367
2007,05,20,Utah,San Antonio,185.5,187.5,186.55882352941177
2007,05,21,Cleveland,Detroit,176.5,177.5,177.44117647058823
2007,05,22,Utah,San Antonio,187.5,188.5,188.44117647058823
2007,05,24,Cleveland,Detroit,174.5,175.5,174.55882352941177
2007,05,26,San Antonio,Utah,190.5,191.5,190.9
2007,05,27,Detroit,Cleveland,173.5,174.5,173.7941176470588
2007,05,28,San Antonio,Utah,190.5,191.5,190.55882352941177
2007,05,29,Detroit,Cleveland,171.5,172.5,172.44736842105263
2007,05,30,Utah,San Antonio,189.5,190.5,190.23684210526315
2007,01,01,Minnesota,Charlotte,189.5,189.5,189.5
2007,01,02,L.A. Clippers,Orlando,184.5,184.5,184.5
2007,01,02,San Antonio,Cleveland,185.5,185.5,185.5
2007,01,02,Golden State,New Orleans,197.5,200.5,198.9
2007,01,02,Phoenix,Chicago,211.5,213.5,212.16666666666666
2007,01,02,Philadelphia,Denver,204.5,205.5,205.36666666666667
2007,01,02,New York,Sacramento,197.5,197.5,197.5
2007,01,03,Phoenix,Toronto,213.5,213.5,213.5
2007,01,03,Milwaukee,Washington,226.5,228.5,227.83333333333334
2007,01,03,Cleveland,Boston,186.5,187.5,187.36666666666667
2007,01,03,L.A. Clippers,Miami,181.5,183.5,182.56666666666666
2007,01,03,Golden State,Memphis,213.5,215.5,214.96666666666667
2007,01,03,San Antonio,Minnesota,183.5,184.5,184.23333333333332
2007,01,03,Philadelphia,Utah,193.5,194.5,194.43333333333334
2007,01,03,New York,Portland,189.5,191.5,190.56666666666666
2007,01,04,Detroit,New Orleans,174.5,177.5,174.83333333333334
2007,01,04,Indiana,Dallas,188.5,190.5,189.3
2007,01,04,L.A. Lakers,Sacramento,207.5,209.5,209.36666666666667
2007,01,05,Atlanta,Toronto,194.5,195.5,195.43333333333334
2007,01,05,L.A. Clippers,Washington,213.5,217.5,217.23333333333332
2007,01,05,Charlotte,Orlando,185.5,187.5,187.36666666666667
2007,01,05,Chicago,Brooklyn,193.5,194.5,193.63333333333333
2007,01,05,Boston,Memphis,213.5,215.5,214.56666666666666
2007,01,05,Dallas,San Antonio,185.5,186.5,186.03333333333333
2007,01,05,Philadelphia,Minnesota,187.5,188.5,188.43333333333334
2007,01,05,Cleveland,Milwaukee,204.5,205.5,204.56666666666666
2007,01,05,Utah,Houston,184.5,185.5,184.56666666666666
2007,01,05,Miami,Phoenix,203.5,205.5,205.36666666666667
2007,01,05,Denver,L.A. Lakers,214.5,217.5,217.16666666666666
2007,01,06,L.A. Clippers,Atlanta,188.5,191.5,188.83333333333334
2007,01,06,Brooklyn,Cleveland,186.5,186.5,186.5
2007,01,06,Indiana,New Orleans,178.5,179.5,178.7
2007,01,06,Detroit,Chicago,188.5,190.5,189.03333333333333
2007,01,06,Utah,Denver,207.5,210.5,209.76666666666668
2007,01,06,Portland,Sacramento,194.5,195.5,195.16666666666666
2007,01,07,Washington,Toronto,220.5,221.5,220.56666666666666
2007,01,07,Houston,Minnesota,180.5,181.5,180.56666666666666
2007,01,07,San Antonio,Memphis,212.5,214.5,212.9
2007,01,07,Boston,Orlando,190.5,191.5,191.43333333333334
2007,01,07,Golden State,Phoenix,226.5,228.5,228.23333333333332
2007,01,07,Miami,Portland,180.5,184.5,183.7
2007,01,07,Dallas,L.A. Lakers,202.5,204.5,204.34615384615384
2007,01,08,L.A. Clippers,New Orleans,179.5,181.5,179.9
2007,01,08,Houston,Chicago,183.5,184.5,183.56666666666666
2007,01,08,Milwaukee,Denver,210.5,212.5,210.63333333333333
2007,01,09,Detroit,Philadelphia,184.5,184.5,184.5
2007,01,09,Atlanta,Indiana,188.5,190.5,190.36666666666667
2007,01,09,Toronto,Brooklyn,193.5,194.5,194.36666666666667
2007,01,09,L.A. Lakers,Memphis,224.5,228.5,227.7
2007,01,09,Portland,San Antonio,185.5,186.5,185.76666666666668
2007,01,09,Dallas,Utah,188.5,189.5,188.56666666666666
2007,01,09,Cleveland,Sacramento,195.5,196.5,195.56666666666666
2007,01,10,Chicago,Washington,215.5,216.5,216.43333333333334
2007,01,10,New Orleans,Atlanta,176.5,177.5,177.3
2007,01,10,Indiana,Boston,192.5,192.5,192.5
2007,01,10,Philadelphia,New York,194.5,195.5,195.16666666666666
2007,01,10,Charlotte,Detroit,186.5,187.5,187.43333333333334
2007,01,10,Toronto,Milwaukee,197.5,198.5,197.83333333333334
2007,01,10,L.A. Clippers,Minnesota,188.5,189.5,189.43333333333334
2007,01,10,Portland,Dallas,184.5,185.5,185.43333333333334
2007,01,10,L.A. Lakers,Houston,194.5,195.5,195.43333333333334
2007,01,10,San Antonio,Denver,199.5,200.5,200.3
2007,01,10,Orlando,Golden State,205.5,207.5,206.83333333333334
2007,01,11,Brooklyn,Chicago,190.5,191.5,190.56666666666666
2007,01,11,Cleveland,Phoenix,208.5,210.5,209.83333333333334
2007,01,12,Milwaukee,Philadelphia,188.5,190.5,190.1
2007,01,12,Dallas,Indiana,186.5,187.5,187.03333333333333
2007,01,12,Toronto,Boston,187.5,189.5,188.16666666666666
2007,01,12,Charlotte,New York,198.5,200.5,199.56666666666666
2007,01,12,Detroit,Atlanta,181.5,183.5,182.16666666666666
2007,01,12,Minnesota,Memphis,217.5,218.5,218.3
2007,01,12,Washington,New Orleans,203.5,203.5,203.5
2007,01,12,Sacramento,Portland,192.5,194.5,193.03333333333333
2007,01,12,Houston,Denver,188.5,189.5,188.7
2007,01,12,Orlando,L.A. Lakers,196.5,198.5,197.56666666666666
2007,01,12,Miami,Golden State,209.5,212.5,211.76666666666668
2007,01,13,Philadelphia,Charlotte,197.5,199.5,198.96666666666667
2007,01,13,Boston,Detroit,183.5,184.5,183.96666666666667
2007,01,13,Washington,San Antonio,207.5,208.5,208.43333333333334
2007,01,13,Brooklyn,Minnesota,185.5,186.5,185.56666666666666
2007,01,13,Memphis,Chicago,222.5,224.5,223.83333333333334
2007,01,13,Miami,Utah,194.5,194.5,194.5
2007,01,13,Orlando,Phoenix,204.5,205.5,204.83333333333334
2007,01,13,Houston,Sacramento,186.5,188.5,186.63333333333333
2007,01,13,Cleveland,L.A. Clippers,187.5,188.5,187.7
2007,01,14,Dallas,Toronto,192.5,193.5,193.36666666666667
2007,01,14,Denver,Portland,191.5,192.5,191.83333333333334
2007,01,15,Sacramento,New York,206.5,207.5,206.63333333333333
2007,01,15,Utah,Washington,215.5,215.5,215.5
2007,01,15,Milwaukee,Charlotte,195.5,195.5,195.5
2007,01,15,Toronto,Philadelphia,191.5,192.5,192.23333333333332
2007,01,15,Boston,Atlanta,180.5,182.5,181.03333333333333
2007,01,15,San Antonio,Chicago,183.5,184.5,183.7
2007,01,15,Indiana,Brooklyn,186.5,187.5,187.3
2007,01,15,Minnesota,Detroit,183.5,184.5,184.36666666666667
2007,01,15,L.A. Clippers,Golden State,208.5,210.5,210.23333333333332
2007,01,15,Phoenix,Memphis,231.5,232.5,232.3
2007,01,15,Miami,L.A. Lakers,208.5,210.5,209.56666666666666
2007,01,16,Orlando,New Orleans,175.5,177.5,175.76666666666668
2007,01,16,Houston,Dallas,180.5,180.5,180.5
2007,01,17,Sacramento,Toronto,199.5,201.5,200.7
2007,01,17,New York,Washington,219.5,220.5,219.7
2007,01,17,Brooklyn,Charlotte,191.5,191.5,191.5
2007,01,17,Utah,Detroit,191.5,193.5,192.96666666666667
2007,01,17,Chicago,Milwaukee,191.5,192.5,192.36666666666667
2007,01,17,Philadelphia,Memphis,219.5,221.5,220.3
2007,01,17,Atlanta,Minnesota,186.5,186.5,186.5
2007,01,17,Phoenix,Houston,200.5,204.5,200.76666666666668
2007,01,17,L.A. Lakers,San Antonio,198.5,198.5,198.5
2007,01,17,Cleveland,Portland,183.5,184.5,183.83333333333334
2007,01,17,Golden State,L.A. Clippers,205.5,206.5,205.56666666666666
2007,01,18,Indiana,Miami,192.5,193.5,192.56666666666666
2007,01,18,L.A. Lakers,Dallas,205.5,206.5,206.3
2007,01,19,Utah,Toronto,199.5,199.5,199.5
2007,01,19,Miami,Philadelphia,198.5,200.5,198.63333333333333
2007,01,19,Washington,Orlando,204.5,205.5,205.1
2007,01,19,Sacramento,Boston,194.5,195.5,194.56666666666666
2007,01,19,Brooklyn,New York,194.5,194.5,194.5
2007,01,19,Charlotte,Atlanta,189.5,190.5,189.56666666666666
2007,01,19,New Orleans,San Antonio,177.5,178.5,178.03333333333333
2007,01,19,Detroit,Minnesota,186.5,187.5,187.43333333333334
2007,01,19,Portland,Phoenix,204.5,204.5,204.5
2007,01,19,Cleveland,Denver,194.5,196.5,195.7
2007,01,20,Memphis,L.A. Clippers,220.5,222.5,222.36666666666667
2007,01,20,Atlanta,Charlotte,184.5,185.5,184.56666666666666
2007,01,20,New York,Indiana,195.5,196.5,195.7
2007,01,20,Sacramento,Detroit,193.5,194.5,194.03333333333333
2007,01,20,Orlando,Brooklyn,180.5,181.5,180.7
2007,01,20,L.A. Lakers,New Orleans,194.5,194.5,194.5
2007,01,20,Boston,Washington,208.5,209.5,209.16666666666666
2007,01,20,Utah,Chicago,197.5,197.5,197.5
2007,01,20,Denver,Houston,191.5,192.5,192.23333333333332
2007,01,20,Cleveland,Golden State,204.5,207.5,204.7
2007,01,21,Dallas,Miami,194.5,195.5,195.23333333333332
2007,01,21,San Antonio,Philadelphia,185.5,186.5,185.56666666666666
2007,01,21,Minnesota,Phoenix,203.5,204.5,203.63333333333333
2007,01,21,Milwaukee,Portland,186.5,187.5,187.3
2007,01,22,Charlotte,Toronto,192.5,193.5,193.43333333333334
2007,01,22,Orlando,Cleveland,182.5,183.5,182.56666666666666
2007,01,22,Chicago,Indiana,190.5,191.5,190.83333333333334
2007,01,22,San Antonio,Boston,182.5,183.5,183.1
2007,01,22,New York,Miami,194.5,197.5,195.1
2007,01,22,Memphis,Denver,230.5,233.5,233.16666666666666
2007,01,22,Minnesota,Utah,192.5,193.5,192.9
2007,01,22,Brooklyn,Sacramento,192.5,193.5,193.36666666666667
2007,01,22,Golden State,L.A. Lakers,222.5,226.5,225.56666666666666
2007,01,23,New Orleans,Philadelphia,183.5,184.5,184.3
2007,01,23,Phoenix,Washington,230.5,231.5,231.43333333333334
2007,01,23,Dallas,Orlando,185.5,188.5,185.7
2007,01,23,Atlanta,Chicago,185.5,188.5,186.23333333333332
2007,01,23,Milwaukee,L.A. Clippers,192.5,195.5,194.9
2007,01,24,New Orleans,Toronto,187.5,188.5,188.1
2007,01,24,Detroit,Charlotte,186.5,189.5,186.7
2007,01,24,Philadelphia,Cleveland,187.5,188.5,187.56666666666666
2007,01,24,Miami,Indiana,192.5,196.5,195.7
2007,01,24,Atlanta,Boston,184.5,185.5,185.16666666666666
2007,01,24,Phoenix,New York,217.5,218.5,217.56666666666666
2007,01,24,Houston,San Antonio,180.5,219.5,183.1
2007,01,24,Memphis,Utah,219.5,221.5,220.03333333333333
2007,01,24,Milwaukee,Sacramento,197.5,199.5,199.36666666666667
2007,01,24,Minnesota,Portland,184.5,188.5,184.76666666666668
2007,01,24,Brooklyn,Golden State,204.5,206.5,205.56666666666666
2007,01,25,Dallas,Chicago,188.5,191.5,191.3
2007,01,25,Brooklyn,L.A. Clippers,188.5,191.5,191.3
2007,01,26,Boston,Toronto,188.5,189.5,188.56666666666666
2007,01,26,Cleveland,Philadelphia,181.5,187.5,182.56666666666666
2007,01,26,Atlanta,Orlando,180.5,181.5,180.76666666666668
2007,01,26,Washington,Detroit,204.5,206.5,205.83333333333334
2007,01,26,Miami,New York,198.5,199.5,199.1
2007,01,26,Sacramento,New Orleans,189.5,192.5,189.83333333333334
2007,01,26,Memphis,San Antonio,210.5,211.5,210.63333333333333
2007,01,26,Phoenix,Milwaukee,218.5,219.5,219.43333333333334
2007,01,26,Portland,Houston,178.5,181.5,178.7
2007,01,26,Denver,Utah,216.5,218.5,217.83333333333334
2007,01,26,Charlotte,L.A. Lakers,206.5,208.5,208.36666666666667
2007,01,27,Philadelphia,Atlanta,186.5,188.5,187.56666666666666
2007,01,27,Toronto,Indiana,191.5,191.5,191.5
2007,01,27,Portland,Memphis,209.5,212.5,209.96666666666667
2007,01,27,Utah,New Orleans,190.5,193.5,191.36666666666667
2007,01,27,Miami,Chicago,191.5,194.5,191.83333333333334
2007,01,27,Sacramento,Dallas,195.5,196.5,196.36666666666667
2007,01,27,Brooklyn,Denver,207.5,210.5,210.3
2007,01,27,Minnesota,L.A. Clippers,192.5,194.5,193.56666666666666
2007,01,27,Charlotte,Golden State,210.5,210.5,210.5
2007,01,28,Phoenix,Cleveland,207.5,208.5,208.03333333333333
2007,01,28,New York,Milwaukee,200.5,205.5,204.5
2007,01,28,San Antonio,L.A. Lakers,196.5,198.5,196.76666666666668
2007,01,28,Washington,Boston,204.5,206.5,205.3
2007,01,28,Indiana,Detroit,185.5,187.5,187.36666666666667
2007,01,29,Orlando,Atlanta,180.5,181.5,180.56666666666666
2007,01,29,Sacramento,Memphis,221.5,222.5,222.1
2007,01,29,Portland,New Orleans,178.5,179.5,178.96666666666667
2007,01,29,Phoenix,Minnesota,209.5,211.5,210.56666666666666
2007,01,29,Philadelphia,Houston,183.5,184.5,183.7
2007,01,29,Charlotte,Denver,212.5,214.5,213.3
2007,01,29,Brooklyn,Utah,191.5,191.5,191.5
2007,01,30,Golden State,Cleveland,204.5,208.5,204.76666666666668
2007,01,30,Boston,Indiana,187.5,188.5,188.43333333333334
2007,01,30,Detroit,Washington,203.5,204.5,204.43333333333334
2007,01,30,L.A. Lakers,New York,204.5,212.5,205.03333333333333
2007,01,30,Milwaukee,Miami,202.5,204.5,203.43333333333334
2007,01,31,Washington,Toronto,207.5,207.5,207.5
2007,01,31,New York,Charlotte,199.5,200.5,199.96666666666667
2007,01,31,Golden State,Atlanta,206.5,207.5,207.16666666666666
2007,01,31,Milwaukee,Orlando,193.5,194.5,193.83333333333334
2007,01,31,Detroit,Brooklyn,189.5,189.5,189.5
2007,01,31,L.A. Lakers,Boston,197.5,198.5,198.36666666666667
2007,01,31,Dallas,Memphis,221.5,222.5,222.36666666666667
2007,01,31,Philadelphia,New Orleans,188.5,189.5,188.63333333333333
2007,01,31,Sacramento,Minnesota,195.5,196.5,196.36666666666667
2007,01,31,San Antonio,Utah,188.5,189.5,189.36666666666667
2007,01,31,Denver,Portland,201.5,202.5,202.23333333333332
2007,01,31,Chicago,L.A. Clippers,193.5,195.5,194.83333333333334
2007,02,01,Cleveland,Miami,193.5,194.5,194.43333333333334
2007,02,01,San Antonio,Phoenix,207.5,208.5,207.56666666666666
2007,02,02,Golden State,Philadelphia,211.5,213.5,212.83333333333334
2007,02,02,L.A. Lakers,Indiana,200.5,202.5,201.83333333333334
2007,02,02,L.A. Clippers,Boston,191.5,193.5,191.63333333333333
2007,02,02,Toronto,Atlanta,189.5,190.5,189.83333333333334
2007,02,02,Charlotte,Cleveland,191.5,192.5,191.56666666666666
2007,02,02,Milwaukee,Detroit,191.5,195.5,194.56666666666666
2007,02,02,Minnesota,New Orleans,184.5,186.5,185.3
2007,02,02,Brooklyn,Orlando,185.5,187.5,185.63333333333333
2007,02,02,Portland,Denver,198.5,203.5,199.5
2007,02,03,L.A. Lakers,Washington,218.5,219.5,219.23333333333332
2007,02,03,Golden State,Charlotte,213.5,213.5,213.5
2007,02,03,New York,Orlando,191.5,191.5,191.5
2007,02,03,Indiana,Memphis,214.5,215.5,214.96666666666667
2007,02,03,Miami,Milwaukee,196.5,196.5,196.5
2007,02,03,New Orleans,Houston,180.5,181.5,181.3
2007,02,03,Minnesota,Dallas,192.5,192.5,192.5
2007,02,03,Utah,Phoenix,217.5,219.5,218.56666666666666
2007,02,03,Denver,Sacramento,209.5,210.5,210.23333333333332
2007,02,03,Chicago,Portland,186.5,187.5,186.56666666666666
2007,02,04,L.A. Clippers,Toronto,194.5,196.5,195.56666666666666
2007,02,04,Atlanta,Brooklyn,189.5,190.5,189.56666666666666
2007,02,04,Detroit,Cleveland,183.5,185.5,183.9
2007,02,05,Brooklyn,Philadelphia,192.5,193.5,192.83333333333334
2007,02,05,L.A. Lakers,Atlanta,198.5,199.5,199.1
2007,02,05,Golden State,Indiana,208.5,210.5,209.16666666666666
2007,02,05,Charlotte,Miami,194.5,197.5,196.1
2007,02,05,Minnesota,Houston,180.5,181.5,181.23333333333332
2007,02,05,Chicago,Utah,194.5,196.5,195.43333333333334
2007,02,05,Phoenix,Denver,216.5,223.5,221.16666666666666
2007,02,05,New Orleans,Sacramento,187.5,188.5,187.96666666666667
2007,02,06,L.A. Clippers,New York,198.5,201.5,201.16666666666666
2007,02,06,Boston,Detroit,185.5,186.5,186.43333333333334
2007,02,06,Orlando,Milwaukee,191.5,191.5,191.5
2007,02,06,Houston,Memphis,207.5,210.5,207.7
2007,02,06,Phoenix,Portland,201.5,204.5,201.7
2007,02,07,Orlando,Toronto,188.5,191.5,191.3
2007,02,07,Charlotte,Philadelphia,190.5,193.5,191.36666666666667
2007,02,07,San Antonio,Washington,202.5,204.5,202.63333333333333
2007,02,07,Brooklyn,Atlanta,185.5,186.5,185.56666666666666
2007,02,07,L.A. Clippers,Cleveland,191.5,192.5,192.36666666666667
2007,02,07,Miami,Boston,195.5,197.5,197.36666666666667
2007,02,07,Golden State,Minnesota,204.5,207.5,207.3
2007,02,07,Memphis,Dallas,214.5,218.5,215.43333333333334
2007,02,07,New Orleans,Denver,202.5,203.5,203.16666666666666
2007,02,08,L.A. Lakers,Detroit,194.5,196.5,195.7
2007,02,08,Milwaukee,New Orleans,192.5,194.5,193.83333333333334
2007,02,08,Chicago,Sacramento,194.5,196.5,195.43333333333334
2007,02,09,L.A. Lakers,Toronto,203.5,205.5,205.23333333333332
2007,02,09,L.A. Clippers,Philadelphia,189.5,190.5,189.63333333333333
2007,02,09,Portland,Charlotte,185.5,187.5,185.63333333333333
2007,02,09,San Antonio,Orlando,181.5,183.5,181.63333333333333
2007,02,09,Denver,Indiana,204.5,206.5,206.36666666666667
2007,02,09,Brooklyn,Boston,187.5,191.5,188.3
2007,02,09,Miami,Cleveland,192.5,193.5,192.76666666666668
2007,02,09,Minnesota,Memphis,213.5,215.5,213.63333333333333
2007,02,09,Houston,Dallas,184.5,185.5,184.96666666666667
2007,02,09,Atlanta,Phoenix,200.5,202.5,200.63333333333333
2007,02,09,Chicago,Golden State,203.5,207.5,204.83333333333334
2007,02,10,Orlando,Brooklyn,187.5,187.5,187.5
2007,02,10,Toronto,Detroit,189.5,192.5,192.16666666666666
2007,02,10,Memphis,New Orleans,203.5,204.5,204.43333333333334
2007,02,10,Denver,Milwaukee,209.5,210.5,209.76666666666668
2007,02,10,Charlotte,Houston,181.5,184.5,182.1
2007,02,10,New York,Utah,200.5,202.5,202.36666666666667
2007,02,11,Portland,Washington,203.5,205.5,205.36666666666667
2007,02,11,San Antonio,Miami,186.5,188.5,186.63333333333333
2007,02,11,L.A. Clippers,Indiana,191.5,192.5,192.36666666666667
2007,02,11,L.A. Lakers,Cleveland,192.5,193.5,192.76666666666668
2007,02,11,Boston,Minnesota,189.5,189.5,189.5
2007,02,11,Dallas,Philadelphia,187.5,189.5,188.03333333333333
2007,02,11,Chicago,Phoenix,206.5,212.5,207.3
2007,02,11,Atlanta,Golden State,205.5,207.5,206.56666666666666
2007,02,12,L.A. Clippers,Detroit,186.5,188.5,187.3
2007,02,12,Golden State,Denver,217.5,220.5,220.3
2007,02,12,Atlanta,Utah,192.5,195.5,193.36666666666667
2007,02,13,San Antonio,Brooklyn,179.5,184.5,180.23333333333332
2007,02,13,Portland,Miami,185.5,187.5,186.83333333333334
2007,02,13,Dallas,Milwaukee,198.5,199.5,198.7
2007,02,13,New Orleans,Memphis,206.5,207.5,206.83333333333334
2007,02,13,Toronto,Chicago,193.5,196.5,194.23333333333332
2007,02,13,Sacramento,Houston,187.5,189.5,188.56666666666666
2007,02,13,New York,L.A. Lakers,201.5,203.5,202.56666666666666
2007,02,14,Brooklyn,Toronto,189.5,192.5,192.3
2007,02,14,Washington,Philadelphia,204.5,205.5,205.36666666666667
2007,02,14,Chicago,Charlotte,191.5,192.5,191.56666666666666
2007,02,14,Portland,Orlando,180.5,181.5,181.43333333333334
2007,02,14,Memphis,Indiana,211.5,212.5,211.96666666666667
2007,02,14,Milwaukee,Boston,160.5,198.5,195.96666666666667
2007,02,14,San Antonio,Detroit,179.5,181.5,180.83333333333334
2007,02,14,Sacramento,New Orleans,160.5,193.5,190.9
2007,02,14,Denver,Minnesota,160.5,207.5,204.1
2007,02,14,Cleveland,Utah,191.5,192.5,192.1
2007,02,14,Atlanta,L.A. Clippers,184.5,187.5,184.7
2007,02,14,New York,Golden State,211.5,216.5,216.16666666666666
2007,02,15,Dallas,Houston,183.5,184.5,183.9
2007,02,15,Cleveland,L.A. Lakers,194.5,196.5,196.36666666666667
2007,02,20,Minnesota,Washington,203.5,203.5,203.5
2007,02,20,New Orleans,Charlotte,186.5,188.5,186.63333333333333
2007,02,20,Orlando,New York,195.5,195.5,195.5
2007,02,20,Detroit,Milwaukee,193.5,195.5,193.63333333333333
2007,02,20,Denver,San Antonio,202.5,204.5,202.63333333333333
2007,02,20,Atlanta,Chicago,188.5,189.5,188.96666666666667
2007,02,20,Boston,Sacramento,202.5,203.5,203.3
2007,02,20,Utah,Portland,187.5,189.5,188.16666666666666
2007,02,20,Phoenix,L.A. Clippers,213.5,213.5,213.5
2007,02,21,Cleveland,Toronto,197.5,198.5,198.3
2007,02,21,New York,Philadelphia,195.5,199.5,196.3
2007,02,21,San Antonio,Atlanta,180.5,183.5,180.96666666666667
2007,02,21,Milwaukee,Indiana,197.5,200.5,200.16666666666666
2007,02,21,New Orleans,Brooklyn,187.5,187.5,187.5
2007,02,21,Orlando,Detroit,181.5,183.5,182.3
2007,02,21,Charlotte,Minnesota,190.5,194.5,193.83333333333334
2007,02,21,Miami,Houston,183.5,183.5,183.5
2007,02,21,Boston,Phoenix,216.5,217.5,216.83333333333334
2007,02,21,Portland,L.A. Lakers,194.5,198.5,198.23333333333332
2007,02,21,Memphis,Golden State,230.5,232.5,231.7
2007,02,22,Sacramento,Washington,211.5,213.5,213.36666666666667
2007,02,22,Chicago,Cleveland,188.5,191.5,188.7
2007,02,22,Miami,Dallas,186.5,191.5,190.36666666666667
2007,02,23,Indiana,Toronto,198.5,200.5,199.56666666666666
2007,02,23,Philadelphia,Charlotte,189.5,189.5,189.5
2007,02,23,Detroit,Orlando,184.5,185.5,185.43333333333334
2007,02,23,Sacramento,Brooklyn,197.5,198.5,198.03333333333333
2007,02,23,Milwaukee,New York,206.5,207.5,207.16666666666666
2007,02,23,Houston,Atlanta,179.5,182.5,180.23333333333332
2007,02,23,Washington,Chicago,205.5,206.5,205.63333333333333
2007,02,23,Phoenix,Minnesota,214.5,215.5,215.36666666666667
2007,02,23,Memphis,Portland,208.5,209.5,208.56666666666666
2007,02,23,Utah,Denver,211.5,213.5,213.36666666666667
2007,02,23,Boston,L.A. Lakers,209.5,209.5,209.5
2007,02,24,Golden State,L.A. Clippers,209.5,212.5,211.63333333333333
2007,02,24,Toronto,Charlotte,198.5,200.5,198.9
2007,02,24,Philadelphia,Milwaukee,197.5,199.5,197.63333333333333
2007,02,24,Denver,Dallas,207.5,208.5,207.7
2007,02,24,Boston,Utah,206.5,210.5,206.76666666666668
2007,02,25,Chicago,Detroit,182.5,183.5,183.1
2007,02,25,Houston,Orlando,182.5,184.5,183.96666666666667
2007,02,25,Cleveland,Miami,184.5,185.5,184.63333333333333
2007,02,25,Washington,Minnesota,205.5,208.5,207.5
2007,02,25,New York,Brooklyn,195.5,196.5,196.23333333333332
2007,02,25,L.A. Lakers,Golden State,219.5,220.5,219.56666666666666
2007,02,25,Phoenix,Atlanta,211.5,212.5,211.83333333333334
2007,02,25,Sacramento,Indiana,200.5,202.5,200.63333333333333
2007,02,26,Sacramento,Philadelphia,194.5,195.5,195.23333333333332
2007,02,26,Miami,New York,191.5,192.5,191.63333333333333
2007,02,26,Toronto,San Antonio,188.5,189.5,188.56666666666666
2007,02,26,Denver,Memphis,223.5,227.5,223.76666666666668
2007,02,26,Boston,Houston,188.5,192.5,189.03333333333333
2007,02,26,Atlanta,Dallas,192.5,193.5,192.83333333333334
2007,02,26,Orlando,Chicago,188.5,189.5,189.03333333333333
2007,02,26,L.A. Lakers,Utah,204.5,206.5,206.1
2007,02,26,Charlotte,L.A. Clippers,190.5,193.5,192.63333333333333
2007,02,27,Phoenix,Indiana,214.5,217.5,215.23333333333332
2007,02,27,New Orleans,Cleveland,185.5,186.5,185.76666666666668
2007,02,27,Washington,Brooklyn,205.5,207.5,206.3
2007,02,27,Golden State,Milwaukee,217.5,218.5,217.76666666666668
2007,02,27,Dallas,Minnesota,192.5,194.5,193.03333333333333
2007,02,28,Phoenix,Philadelphia,207.5,208.5,207.83333333333334
2007,02,28,Miami,Washington,201.5,202.5,202.16666666666666
2007,02,28,New York,Boston,195.5,195.5,195.5
2007,02,28,Utah,Memphis,213.5,216.5,215.23333333333332
2007,02,28,Atlanta,New Orleans,190.5,190.5,190.5
2007,02,28,Golden State,Chicago,208.5,208.5,208.5
2007,02,28,Toronto,Houston,190.5,191.5,190.9
2007,02,28,Orlando,Denver,203.5,205.5,204.3
2007,02,28,Charlotte,Sacramento,199.5,200.5,200.16666666666666
2006,12,01,Boston,Toronto,206.5,207.5,206.9
2006,12,01,Charlotte,Washington,200.5,200.5,200.5
2006,12,01,Cleveland,Atlanta,186.5,188.5,187.03333333333333
2006,12,01,New York,Detroit,197.5,200.5,199.76666666666668
2006,12,01,Chicago,New Orleans,181.5,183.5,181.63333333333333
2006,12,01,Denver,Minnesota,204.5,206.5,205.7
2006,12,01,Sacramento,Dallas,196.5,197.5,197.43333333333334
2006,12,01,Milwaukee,Phoenix,216.5,219.5,219.3
2006,12,01,Orlando,Portland,189.5,189.5,189.5
2006,12,02,Philadelphia,Brooklyn,196.5,196.5,196.5
2006,12,02,Toronto,New York,204.5,205.5,204.96666666666667
2006,12,02,Miami,Memphis,182.5,184.5,183.96666666666667
2006,12,02,Sacramento,San Antonio,188.5,189.5,188.83333333333334
2006,12,02,Washington,Chicago,202.5,202.5,202.5
2006,12,02,Cleveland,Houston,179.5,180.5,180.43333333333334
2006,12,02,Indiana,Denver,211.5,212.5,212.3
2006,12,02,L.A. Lakers,L.A. Clippers,199.5,200.5,200.3
2006,12,02,Milwaukee,Golden State,218.5,220.5,219.7
2006,12,03,Atlanta,Portland,189.5,190.5,189.9
2006,12,04,Dallas,Washington,203.5,205.5,203.63333333333333
2006,12,04,Memphis,New York,191.5,193.5,192.3
2006,12,04,Golden State,San Antonio,202.5,204.5,203.43333333333334
2006,12,04,Boston,Chicago,202.5,203.5,202.63333333333333
2006,12,04,Milwaukee,Utah,207.5,208.5,207.56666666666666
2006,12,04,Orlando,Sacramento,193.5,195.5,194.7
2006,12,04,Indiana,L.A. Lakers,200.5,202.5,201.96666666666667
2006,12,05,Dallas,Brooklyn,193.5,195.5,194.56666666666666
2006,12,05,Portland,Detroit,192.5,193.5,193.43333333333334
2006,12,05,Golden State,Houston,192.5,194.5,193.16666666666666
2006,12,05,Sacramento,Phoenix,215.5,216.5,216.16666666666666
2006,12,05,Miami,L.A. Clippers,190.5,191.5,191.23333333333332
2006,12,06,San Antonio,Charlotte,187.5,188.5,187.63333333333333
2006,12,06,Toronto,Cleveland,195.5,196.5,195.7
2006,12,06,Orlando,Indiana,186.5,187.5,186.56666666666666
2006,12,06,Memphis,Boston,190.5,190.5,190.5
2006,12,06,Washington,New York,206.5,207.5,206.56666666666666
2006,12,06,Houston,Minnesota,175.5,176.5,176.43333333333334
2006,12,06,Portland,Milwaukee,199.5,200.5,199.76666666666668
2006,12,06,Philadelphia,Chicago,198.5,198.5,198.5
2006,12,06,Atlanta,Denver,212.5,213.5,213.16666666666666
2006,12,06,New Orleans,L.A. Lakers,190.5,191.5,190.63333333333333
2006,12,07,Phoenix,Brooklyn,209.5,211.5,210.56666666666666
2006,12,07,Detroit,Dallas,191.5,192.5,191.56666666666666
2006,12,07,Miami,Sacramento,195.5,196.5,196.16666666666666
2006,12,08,Houston,Charlotte,178.5,179.5,178.7
2006,12,08,Detroit,Orlando,186.5,187.5,186.63333333333333
2006,12,08,Portland,Indiana,185.5,188.5,185.96666666666667
2006,12,08,Phoenix,Boston,219.5,221.5,221.23333333333332
2006,12,08,Washington,Philadelphia,200.5,201.5,200.7
2006,12,08,L.A. Clippers,San Antonio,187.5,188.5,187.7
2006,12,08,Utah,Minnesota,190.5,191.5,190.7
2006,12,08,Toronto,Chicago,200.5,203.5,201.36666666666667
2006,12,08,Memphis,Milwaukee,192.5,193.5,193.03333333333333
2006,12,08,Miami,Denver,208.5,209.5,208.56666666666666
2006,12,08,Atlanta,L.A. Lakers,195.5,197.5,196.43333333333334
2006,12,09,Houston,Washington,188.5,189.5,189.36666666666667
2006,12,09,Philadelphia,Orlando,187.5,188.5,187.83333333333334
2006,12,09,Boston,Brooklyn,200.5,202.5,202.1
2006,12,09,Milwaukee,New York,206.5,207.5,207.43333333333334
2006,12,09,Indiana,Cleveland,189.5,190.5,190.23333333333332
2006,12,09,L.A. Clippers,Memphis,185.5,187.5,186.16666666666666
2006,12,09,Minnesota,Chicago,187.5,188.5,187.56666666666666
2006,12,09,Denver,Dallas,208.5,214.5,213.56666666666666
2006,12,09,New Orleans,Golden State,201.5,202.5,202.36666666666667
2006,12,10,Portland,Toronto,190.5,195.5,191.5
2006,12,10,Phoenix,Charlotte,211.5,213.5,212.43333333333334
2006,12,10,Atlanta,Sacramento,192.5,195.5,193.1
2006,12,10,San Antonio,L.A. Lakers,190.5,191.5,191.42307692307693
2006,12,11,Portland,Philadelphia,187.5,187.5,187.5
2006,12,11,Phoenix,Orlando,209.5,210.5,209.63333333333333
2006,12,11,Memphis,Brooklyn,185.5,186.5,185.7
2006,12,11,Boston,New York,206.5,206.5,206.5
2006,12,11,Toronto,Miami,191.5,192.5,191.56666666666666
2006,12,11,Cleveland,New Orleans,177.5,180.5,178.5
2006,12,11,Indiana,Chicago,188.5,189.5,189.43333333333334
2006,12,11,Dallas,Utah,194.5,194.5,194.5
2006,12,11,San Antonio,L.A. Clippers,185.5,186.5,185.83333333333334
2006,12,12,Denver,Atlanta,208.5,210.5,208.63333333333333
2006,12,12,L.A. Lakers,Houston,184.5,185.5,185.43333333333334
2006,12,12,Sacramento,Golden State,213.5,215.5,215.23333333333332
2006,12,13,Boston,Philadelphia,193.5,194.5,194.42307692307693
2006,12,13,Denver,Washington,221.5,221.5,221.5
2006,12,13,Toronto,Orlando,185.5,187.5,186.57692307692307
2006,12,13,Phoenix,Miami,204.5,207.5,206.80769230769232
2006,12,13,Charlotte,Cleveland,185.5,186.5,186.34615384615384
2006,12,13,Detroit,Indiana,186.5,186.5,186.5
2006,12,13,Milwaukee,Brooklyn,201.5,205.5,204.57692307692307
2006,12,13,Atlanta,New York,194.5,195.5,194.65384615384616
2006,12,13,Portland,Memphis,180.5,181.5,180.57692307692307
2006,12,13,Minnesota,San Antonio,182.5,182.5,182.5
2006,12,13,L.A. Lakers,Dallas,194.5,198.5,197.8846153846154
2006,12,13,Utah,L.A. Clippers,189.5,190.5,189.7
2006,12,14,Orlando,Charlotte,181.5,182.5,181.56666666666666
2006,12,14,San Antonio,New Orleans,179.5,180.5,179.7
2006,12,14,Houston,Golden State,197.5,198.5,198.43333333333334
2006,12,15,New York,Indiana,194.5,195.5,195.43333333333334
2006,12,15,Brooklyn,Toronto,191.5,193.5,193.23333333333332
2006,12,15,Miami,Washington,198.5,201.5,198.7
2006,12,15,Denver,Boston,213.5,214.5,213.56666666666666
2006,12,15,Atlanta,Memphis,179.5,180.5,180.23333333333332
2006,12,15,Philadelphia,Dallas,186.5,188.5,187.03333333333333
2006,12,15,Milwaukee,Chicago,201.5,202.5,202.43333333333334
2006,12,15,Sacramento,Utah,203.5,203.5,203.5
2006,12,15,Golden State,Phoenix,229.5,232.5,232.16666666666666
2006,12,15,L.A. Clippers,Portland,182.5,184.5,182.63333333333333
2006,12,15,Houston,L.A. Lakers,191.5,192.5,191.83333333333334
2006,12,16,Boston,Charlotte,195.5,196.5,195.9
2006,12,16,Chicago,Atlanta,190.5,191.5,191.36666666666667
2006,12,16,Cleveland,Orlando,182.5,182.5,182.5
2006,12,16,Denver,New York,214.5,214.5,214.5
2006,12,16,Memphis,Miami,184.5,184.5,184.5
2006,12,16,Detroit,Brooklyn,184.5,187.5,187.3
2006,12,16,Dallas,New Orleans,180.5,180.5,180.5
2006,12,16,Philadelphia,San Antonio,181.5,183.5,182.83333333333334
2006,12,16,Minnesota,Milwaukee,193.5,194.5,193.76666666666668
2006,12,16,Phoenix,Sacramento,216.5,217.5,217.1
2006,12,17,Golden State,Toronto,204.5,209.5,208.76666666666668
2006,12,17,Utah,Indiana,195.5,195.5,195.5
2006,12,17,Houston,L.A. Clippers,178.5,186.5,179.3
2006,12,17,Washington,L.A. Lakers,213.5,215.5,213.76666666666668
2006,12,18,Golden State,Brooklyn,210.5,215.5,214.63333333333333
2006,12,18,Utah,New York,197.5,198.5,197.9
2006,12,18,New Orleans,Miami,179.5,181.5,180.5
2006,12,18,Washington,Denver,212.5,213.5,213.36666666666667
2006,12,18,Dallas,Sacramento,190.5,190.5,190.5
2006,12,19,L.A. Lakers,Chicago,203.5,205.5,205.36666666666667
2006,12,19,Toronto,Phoenix,214.5,215.5,215.16666666666666
2006,12,20,Indiana,Philadelphia,188.5,189.5,189.3
2006,12,20,Utah,Atlanta,192.5,193.5,192.7
2006,12,20,New Orleans,Orlando,176.5,178.5,177.3
2006,12,20,Golden State,Boston,217.5,219.5,217.63333333333333
2006,12,20,Charlotte,New York,190.5,193.5,191.1
2006,12,20,Cleveland,Brooklyn,186.5,186.5,186.5
2006,12,20,Miami,Milwaukee,202.5,203.5,202.7
2006,12,20,Memphis,San Antonio,184.5,185.5,185.43333333333334
2006,12,20,L.A. Lakers,Minnesota,195.5,196.5,195.56666666666666
2006,12,20,Houston,Portland,181.5,183.5,181.63333333333333
2006,12,20,Toronto,L.A. Clippers,193.5,196.5,195.63333333333333
2006,12,21,Detroit,Cleveland,184.5,185.5,185.43333333333334
2006,12,21,Washington,Sacramento,211.5,212.5,211.63333333333333
2006,12,22,Utah,Charlotte,192.5,194.5,193.96666666666667
2006,12,22,Golden State,Orlando,199.5,200.5,200.43333333333334
2006,12,22,L.A. Lakers,Brooklyn,202.5,204.5,203.36666666666667
2006,12,22,Chicago,New York,195.5,197.5,196.83333333333334
2006,12,22,Indiana,Atlanta,190.5,194.5,190.76666666666668
2006,12,22,Philadelphia,Boston,187.5,188.5,188.43333333333334
2006,12,22,Memphis,New Orleans,179.5,180.5,180.3
2006,12,22,Houston,San Antonio,181.5,181.5,181.5
2006,12,22,Milwaukee,Minnesota,198.5,199.5,199.23333333333332
2006,12,22,L.A. Clippers,Dallas,188.5,190.5,190.1
2006,12,22,Sacramento,Denver,214.5,215.5,215.43333333333334
2006,12,22,Toronto,Portland,189.5,189.5,189.5
2006,12,22,Washington,Phoenix,228.5,229.5,228.76666666666668
2006,12,23,Minnesota,Indiana,188.5,189.5,188.83333333333334
2006,12,23,New York,Philadelphia,192.5,193.5,193.43333333333334
2006,12,23,Golden State,Miami,209.5,210.5,210.23333333333332
2006,12,23,Atlanta,Detroit,187.5,188.5,188.03333333333333
2006,12,23,Orlando,Cleveland,179.5,181.5,180.56666666666666
2006,12,23,Utah,Memphis,191.5,191.5,191.5
2006,12,23,San Antonio,New Orleans,180.5,181.5,180.63333333333333
2006,12,23,Charlotte,Chicago,191.5,192.5,192.23333333333332
2006,12,23,Brooklyn,Milwaukee,204.5,205.5,204.56666666666666
2006,12,23,L.A. Clippers,Houston,183.5,185.5,183.63333333333333
2006,12,25,L.A. Lakers,Miami,199.5,200.5,200.23333333333332
2006,12,26,Memphis,Washington,205.5,208.5,207.9
2006,12,26,Houston,Indiana,179.5,180.5,179.63333333333333
2006,12,26,Brooklyn,Detroit,186.5,187.5,186.96666666666667
2006,12,26,Milwaukee,San Antonio,201.5,202.5,201.63333333333333
2006,12,26,Chicago,Minnesota,189.5,190.5,190.43333333333334
2006,12,26,Charlotte,Dallas,188.5,189.5,189.1
2006,12,26,Boston,Denver,209.5,210.5,210.43333333333334
2006,12,26,L.A. Clippers,Utah,197.5,198.5,197.76666666666668
2006,12,26,Portland,Phoenix,209.5,210.5,209.63333333333333
2006,12,26,Philadelphia,Golden State,204.5,206.5,206.36666666666667
2006,12,27,Minnesota,Toronto,188.5,188.5,188.5
2006,12,27,Washington,Charlotte,207.5,208.5,208.43333333333334
2006,12,27,Cleveland,Atlanta,187.5,187.5,187.5
2006,12,27,L.A. Lakers,Orlando,188.5,192.5,191.83333333333334
2006,12,27,Houston,Brooklyn,177.5,178.5,178.43333333333334
2006,12,27,Detroit,New York,188.5,188.5,188.5
2006,12,27,Milwaukee,Memphis,203.5,205.5,205.36666666666667
2006,12,27,Miami,Chicago,192.5,193.5,193.16666666666666
2006,12,27,Philadelphia,Sacramento,195.5,196.5,195.83333333333334
2006,12,27,New Orleans,Portland,176.5,178.5,177.56666666666666
2006,12,27,Boston,L.A. Clippers,192.5,193.5,193.23333333333332
2006,12,28,Phoenix,Dallas,213.5,215.5,213.76666666666668
2006,12,28,Utah,San Antonio,191.5,194.5,194.3
2006,12,29,Chicago,Toronto,198.5,199.5,199.16666666666666
2006,12,29,Orlando,Washington,210.5,211.5,211.43333333333334
2006,12,29,L.A. Lakers,Charlotte,197.5,197.5,197.5
2006,12,29,Brooklyn,Miami,184.5,185.5,184.7
2006,12,29,Milwaukee,Cleveland,203.5,204.5,204.43333333333334
2006,12,29,Indiana,Detroit,185.5,187.5,187.1
2006,12,29,Atlanta,Houston,177.5,178.5,177.56666666666666
2006,12,29,New York,Phoenix,219.5,219.5,219.5
2006,12,29,Philadelphia,Portland,185.5,185.5,185.5
2006,12,29,Sacramento,L.A. Clippers,195.5,196.5,195.56666666666666
2006,12,29,Boston,Golden State,212.5,214.5,213.7
2006,12,30,Miami,Orlando,176.5,178.5,178.36666666666667
2006,12,30,Charlotte,Indiana,188.5,188.5,188.5
2006,12,30,Minnesota,Brooklyn,185.5,187.5,185.76666666666668
2006,12,30,Toronto,Memphis,195.5,197.5,196.3
2006,12,30,Cleveland,Chicago,188.5,191.5,188.7
2006,12,30,Washington,Milwaukee,227.5,229.5,229.23333333333332
2006,12,30,New Orleans,Dallas,180.5,181.5,181.1
2006,12,30,Portland,Utah,190.5,192.5,190.63333333333333
2006,12,30,Golden State,Sacramento,215.5,216.5,215.76666666666668
2006,12,31,New York,L.A. Clippers,194.5,198.5,194.76666666666668
2006,12,31,Atlanta,San Antonio,185.5,188.5,188.16666666666666
2006,12,31,Phoenix,Detroit,204.5,206.5,204.63333333333333
2006,12,31,Memphis,Houston,179.5,184.5,184.03333333333333
2006,10,31,Chicago,Miami,187.5,193.5,187.9
2006,10,31,Phoenix,L.A. Lakers,204.5,206.5,206.23333333333332
2007,04,01,Miami,Detroit,177.5,180.5,178.5
2007,04,01,Chicago,Atlanta,186.5,187.5,186.63333333333333
2007,04,01,Memphis,Golden State,222.5,223.5,223.3
2007,04,01,Washington,Milwaukee,213.5,214.5,214.43333333333334
2007,04,01,Dallas,Phoenix,211.5,214.5,211.7
2007,04,01,Cleveland,Boston,180.5,182.5,181.03333333333333
2007,04,01,Charlotte,Toronto,199.5,200.5,200.3
2007,04,01,Minnesota,Orlando,184.5,186.5,185.3
2007,04,01,Utah,Houston,187.5,190.5,188.5
2007,04,01,San Antonio,Indiana,182.5,182.5,182.5
2007,04,01,Sacramento,L.A. Lakers,210.5,211.5,211.16666666666666
2007,04,03,Washington,Charlotte,212.5,213.5,212.97058823529412
2007,04,03,Detroit,Indiana,182.5,183.5,182.61764705882354
2007,04,03,Toronto,Miami,186.5,186.5,186.5
2007,04,03,Phoenix,Memphis,224.5,225.5,224.56666666666666
2007,04,03,Cleveland,Minnesota,185.5,187.5,187.38235294117646
2007,04,03,New Orleans,Milwaukee,201.5,201.5,201.5
2007,04,03,Dallas,Sacramento,201.5,203.5,201.9
2007,04,03,Denver,L.A. Lakers,217.5,219.5,217.63333333333333
2007,04,04,Charlotte,Washington,212.5,213.5,213.36666666666667
2007,04,04,Toronto,Orlando,188.5,189.5,189.1
2007,04,04,Atlanta,Brooklyn,190.5,191.5,191.43333333333334
2007,04,04,Philadelphia,New York,183.5,186.5,185.63333333333333
2007,04,04,Chicago,Detroit,182.5,186.5,185.96666666666667
2007,04,04,Boston,Milwaukee,192.5,194.5,193.03333333333333
2007,04,04,Golden State,Houston,205.5,208.5,208.3
2007,04,04,Sacramento,Denver,214.5,216.5,215.43333333333334
2007,04,04,Utah,Portland,184.5,186.5,185.96666666666667
2007,04,04,L.A. Lakers,L.A. Clippers,200.5,201.5,201.03333333333333
2007,04,05,Miami,Cleveland,181.5,182.5,182.08823529411765
2007,04,05,Phoenix,San Antonio,205.5,206.5,205.55882352941177
2007,04,07,Memphis,Orlando,203.5,206.5,206.2058823529412
2007,04,07,Boston,Indiana,184.5,185.5,184.61764705882354
2007,04,07,Washington,Brooklyn,200.5,204.5,200.85294117647058
2007,04,07,Golden State,San Antonio,205.5,206.5,206.3235294117647
2007,04,07,New Orleans,Minnesota,185.5,188.5,188.08823529411765
2007,04,07,New York,Milwaukee,194.5,196.5,196.38235294117646
2007,04,07,Portland,Dallas,182.5,187.5,182.7941176470588
2007,04,07,Denver,L.A. Clippers,200.5,203.5,201.38235294117646
2007,04,08,Cleveland,Detroit,181.5,182.5,181.92105263157896
2007,04,08,Phoenix,L.A. Lakers,217.5,220.5,218.07894736842104
2007,04,08,Chicago,Toronto,193.5,195.5,195.07894736842104
2007,04,08,Charlotte,Miami,190.5,192.5,191.55263157894737
2007,04,08,Atlanta,Philadelphia,186.5,186.5,186.5
2007,04,08,Houston,Sacramento,195.5,196.5,195.81578947368422
2007,04,09,Detroit,New York,181.5,183.5,183.28947368421052
2007,04,09,Orlando,Milwaukee,197.5,198.5,197.76315789473685
2007,04,09,Portland,San Antonio,179.5,180.5,179.55263157894737
2007,04,09,Toronto,Minnesota,195.5,196.5,196.3421052631579
2007,04,09,L.A. Clippers,Dallas,185.5,187.5,185.81578947368422
2007,04,09,L.A. Lakers,Denver,216.5,217.5,216.71052631578948
2007,04,09,Utah,Golden State,213.5,216.5,216.1315789473684
2007,04,10,Indiana,Philadelphia,184.5,185.5,184.71052631578948
2007,04,10,Brooklyn,Washington,203.5,205.5,203.92105263157896
2007,04,10,Miami,Charlotte,188.5,192.5,189.23684210526315
2007,04,10,Boston,Atlanta,185.5,188.5,188.3421052631579
2007,04,10,L.A. Clippers,New Orleans,186.5,186.5,186.5
2007,04,10,Sacramento,Memphis,218.5,220.5,220.39473684210526
2007,04,10,New York,Chicago,189.5,190.5,189.55263157894737
2007,04,11,Philadelphia,Boston,182.5,183.5,182.7941176470588
2007,04,11,Washington,Miami,193.5,194.5,194.26470588235293
2007,04,11,Orlando,Detroit,184.5,185.5,185.02941176470588
2007,04,11,Indiana,Milwaukee,199.5,200.5,199.6764705882353
2007,04,11,Sacramento,San Antonio,196.5,197.5,197.26470588235293
2007,04,11,Dallas,Minnesota,183.5,184.5,183.7941176470588
2007,04,11,Denver,Utah,209.5,210.5,209.7941176470588
2007,04,11,Houston,Portland,180.5,181.5,180.96666666666667
2007,04,12,Brooklyn,Cleveland,185.5,186.5,186.23333333333332
2007,04,12,L.A. Clippers,L.A. Lakers,196.5,197.5,197.1
2007,04,13,Detroit,Toronto,188.5,190.5,188.61764705882354
2007,04,13,Milwaukee,Boston,195.5,200.5,200.2058823529412
2007,04,13,New York,Brooklyn,189.5,190.5,190.44117647058823
2007,04,13,Washington,Atlanta,197.5,199.5,198.81578947368422
2007,04,13,Indiana,Miami,185.5,186.5,186.3421052631579
2007,04,13,Denver,New Orleans,204.5,206.5,206.18421052631578
2007,04,13,San Antonio,Minnesota,185.5,189.5,188.97368421052633
2007,04,13,Charlotte,Chicago,194.5,195.5,194.71052631578948
2007,04,13,Utah,Dallas,190.5,191.5,190.73529411764707
2007,04,13,Golden State,Sacramento,221.5,225.5,224.55882352941177
2007,04,13,L.A. Lakers,Phoenix,219.5,220.5,220.44117647058823
2007,04,13,Portland,L.A. Clippers,183.5,184.5,184.44117647058823
2007,04,14,Orlando,Philadelphia,184.5,186.5,185.55882352941177
2007,04,14,Atlanta,Cleveland,187.5,188.5,188.44736842105263
2007,04,14,Denver,Memphis,220.5,224.5,220.71052631578948
2007,04,14,Charlotte,Milwaukee,204.5,208.5,208.18421052631578
2007,04,14,New Orleans,Houston,188.5,191.5,191.02631578947367
2007,04,14,Phoenix,Utah,211.5,214.5,211.6578947368421
2007,04,15,Chicago,Washington,193.5,197.5,194.55263157894737
2007,04,15,Brooklyn,Indiana,189.5,191.5,191.39473684210526
2007,04,15,Sacramento,L.A. Clippers,204.5,209.5,208.71052631578948
2007,04,15,Minnesota,Golden State,215.5,224.5,223.92105263157896
2007,04,15,San Antonio,Dallas,187.5,188.5,188.07894736842104
2007,04,15,New York,Toronto,193.5,195.5,195.07894736842104
2007,04,15,Boston,Orlando,190.5,193.5,193.1315789473684
2007,04,15,Philadelphia,Detroit,184.5,185.5,184.55263157894737
2007,04,16,Brooklyn,New York,190.5,193.5,193.3421052631579
2007,04,16,Boston,Miami,189.5,190.5,190.07894736842104
2007,04,16,Atlanta,Milwaukee,204.5,208.5,207.44736842105263
2007,04,16,San Antonio,Memphis,204.5,213.5,205.81578947368422
2007,04,16,Phoenix,Houston,206.5,210.5,207.23684210526315
2007,04,16,Minnesota,Denver,215.5,220.5,219.60526315789474
2007,04,16,Portland,Utah,192.5,195.5,195.02631578947367
2007,04,16,New Orleans,Sacramento,213.5,214.5,214.28947368421052
2007,04,17,Cleveland,Philadelphia,186.5,187.5,186.92105263157896
2007,04,17,Orlando,Washington,193.5,194.5,194.44736842105263
2007,04,17,Indiana,Atlanta,197.5,199.5,199.39473684210526
2007,04,17,Toronto,Detroit,191.5,192.5,191.60526315789474
2007,04,17,L.A. Clippers,Phoenix,208.5,210.5,209.8684210526316
2007,04,17,Dallas,Golden State,215.5,217.5,215.60526315789474
2007,04,18,Philadelphia,Toronto,193.5,196.5,193.7941176470588
2007,04,18,New York,Charlotte,202.5,203.5,202.7941176470588
2007,04,18,Miami,Orlando,183.5,186.5,184.02941176470588
2007,04,18,Milwaukee,Cleveland,200.5,202.5,201.1315789473684
2007,04,18,Detroit,Boston,186.5,190.5,186.97058823529412
2007,04,18,Chicago,Brooklyn,186.5,188.5,188.28947368421052
2007,04,18,Washington,Indiana,196.5,199.5,199.3235294117647
2007,04,18,Denver,San Antonio,194.5,200.5,195.55882352941177
2007,04,18,Memphis,Minnesota,220.5,226.5,221.08823529411765
2007,04,18,Houston,Utah,192.5,192.5,192.5
2007,04,18,L.A. Lakers,Sacramento,218.5,220.5,218.61764705882354
2007,04,18,Golden State,Portland,214.5,215.5,214.73529411764707
2007,04,18,New Orleans,L.A. Clippers,195.5,199.5,198.7941176470588
2007,04,21,Brooklyn,Toronto,191.5,195.5,194.55882352941177
2007,04,21,Miami,Chicago,182.5,183.5,182.7941176470588
2007,04,21,Orlando,Detroit,180.5,181.5,181.2058823529412
2007,04,21,Utah,Houston,184.5,189.5,188.14705882352942
2007,04,22,Washington,Cleveland,188.5,190.5,188.97058823529412
2007,04,22,L.A. Lakers,Phoenix,211.5,214.5,211.91176470588235
2007,04,22,Denver,San Antonio,196.5,197.5,197.3235294117647
2007,04,22,Golden State,Dallas,213.5,215.5,214.38235294117646
2007,04,23,Orlando,Detroit,182.5,183.5,183.1315789473684
2007,04,23,Utah,Houston,185.5,185.5,185.5
2007,04,24,Brooklyn,Toronto,193.5,194.5,194.02631578947367
2007,04,24,Miami,Chicago,182.5,184.5,183.44736842105263
2007,04,24,L.A. Lakers,Phoenix,206.5,209.5,208.18421052631578
2007,04,25,Denver,San Antonio,192.5,195.5,193.92105263157896
2007,04,25,Washington,Cleveland,185.5,187.5,186.44117647058823
2007,04,25,Golden State,Dallas,209.5,210.5,210.38235294117646
2007,04,26,Detroit,Orlando,182.5,184.5,183.61764705882354
2007,04,26,Houston,Utah,186.5,188.5,188.14705882352942
2007,04,26,Phoenix,L.A. Lakers,210.5,210.5,210.5
2007,04,28,Detroit,Orlando,181.5,183.5,183.36666666666667
2007,04,28,Cleveland,Washington,188.5,190.5,189.14705882352942
2007,04,28,San Antonio,Denver,193.5,194.5,193.73529411764707
2007,04,28,Houston,Utah,184.5,186.5,184.63333333333333
2007,04,29,Chicago,Miami,186.5,188.5,187.7
2007,04,29,Phoenix,L.A. Lakers,207.5,207.5,207.5
2007,04,29,Toronto,Brooklyn,190.5,191.5,190.96666666666667
2007,04,29,Dallas,Golden State,206.5,210.5,207.43333333333334
2007,04,30,Cleveland,Washington,189.5,191.5,190.96666666666667
2007,04,30,Utah,Houston,183.5,185.5,184.1
2007,04,30,San Antonio,Denver,189.5,192.5,190.5
2007,03,01,Cleveland,Dallas,188.5,189.5,188.7
2007,03,01,Charlotte,Portland,191.5,192.5,192.43333333333334
2007,03,02,Milwaukee,Toronto,208.5,209.5,208.76666666666668
2007,03,02,Memphis,Philadelphia,202.5,203.5,203.36666666666667
2007,03,02,Atlanta,Washington,206.5,209.5,207.5
2007,03,02,Golden State,New York,207.5,209.5,209.36666666666667
2007,03,02,Detroit,Miami,182.5,182.5,182.5
2007,03,02,Orlando,San Antonio,184.5,185.5,185.23333333333332
2007,03,02,Utah,Minnesota,196.5,197.5,196.56666666666666
2007,03,02,New Orleans,Chicago,191.5,192.5,191.96666666666667
2007,03,02,Indiana,Phoenix,209.5,210.5,209.83333333333334
2007,03,02,Sacramento,L.A. Lakers,211.5,212.5,212.03333333333333
2007,03,02,Houston,Denver,199.5,203.5,199.76666666666668
2007,03,03,Boston,Brooklyn,197.5,199.5,197.9
2007,03,03,New York,Atlanta,192.5,193.5,192.7
2007,03,03,Toronto,Cleveland,189.5,192.5,189.7
2007,03,03,Detroit,Memphis,196.5,198.5,198.36666666666667
2007,03,03,San Antonio,Houston,175.5,179.5,176.56666666666666
2007,03,03,Orlando,Dallas,189.5,189.5,189.5
2007,03,03,Sacramento,Portland,200.5,204.5,201.16666666666666
2007,03,03,Indiana,L.A. Clippers,185.5,186.5,186.3
2007,03,04,Minnesota,Boston,192.5,193.5,192.56666666666666
2007,03,04,Golden State,Washington,217.5,218.5,217.56666666666666
2007,03,04,Chicago,Milwaukee,196.5,200.5,196.9
2007,03,04,L.A. Lakers,Phoenix,218.5,220.5,219.83333333333334
2007,03,04,Brooklyn,Philadelphia,190.5,192.5,190.63333333333333
2007,03,04,Utah,New Orleans,195.5,197.5,196.3
2007,03,05,Milwaukee,Orlando,195.5,200.5,200.03333333333333
2007,03,05,Houston,Cleveland,181.5,182.5,181.76666666666668
2007,03,05,Atlanta,Miami,184.5,185.5,185.23333333333332
2007,03,05,Golden State,Detroit,197.5,199.5,199.36666666666667
2007,03,05,Charlotte,Utah,203.5,204.5,203.9
2007,03,05,San Antonio,L.A. Clippers,172.5,176.5,173.43333333333334
2007,03,06,Toronto,Washington,208.5,211.5,211.16666666666666
2007,03,06,L.A. Lakers,Minnesota,196.5,198.5,196.63333333333333
2007,03,06,Brooklyn,Dallas,191.5,193.5,193.36666666666667
2007,03,06,New Orleans,Denver,207.5,208.5,207.56666666666666
2007,03,06,Indiana,Sacramento,200.5,201.5,200.83333333333334
2007,03,06,San Antonio,Portland,178.5,179.5,179.36666666666667
2007,03,07,Memphis,Toronto,208.5,212.5,211.56666666666666
2007,03,07,Washington,Atlanta,202.5,203.5,203.36666666666667
2007,03,07,Houston,Boston,183.5,184.5,183.96666666666667
2007,03,07,Chicago,Miami,183.5,185.5,183.63333333333333
2007,03,07,Cleveland,Detroit,179.5,180.5,179.56666666666666
2007,03,07,L.A. Lakers,Milwaukee,201.5,207.5,202.83333333333334
2007,03,07,Indiana,Utah,198.5,198.5,198.5
2007,03,07,Charlotte,Phoenix,217.5,218.5,217.9
2007,03,07,Denver,Golden State,217.5,219.5,218.43333333333334
2007,03,08,Chicago,Orlando,188.5,188.5,188.5
2007,03,08,San Antonio,Sacramento,192.5,194.5,193.42307692307693
2007,03,09,L.A. Lakers,Philadelphia,193.5,196.5,193.7
2007,03,09,Memphis,Atlanta,195.5,197.5,196.43333333333334
2007,03,09,Minnesota,Miami,182.5,184.5,182.63333333333333
2007,03,09,Brooklyn,Houston,184.5,187.5,187.03333333333333
2007,03,09,Detroit,Denver,197.5,198.5,198.3
2007,03,09,New Orleans,Phoenix,208.5,210.5,209.3
2007,03,09,L.A. Clippers,Golden State,199.5,204.5,200.1
2007,03,10,New York,Washington,206.5,208.5,208.36666666666667
2007,03,10,Memphis,Charlotte,204.5,209.5,209.16666666666666
2007,03,10,Minnesota,Atlanta,187.5,189.5,187.63333333333333
2007,03,10,Philadelphia,Indiana,183.5,186.5,183.7
2007,03,10,Brooklyn,San Antonio,186.5,187.5,187.3
2007,03,10,Cleveland,Milwaukee,195.5,195.5,195.5
2007,03,10,New Orleans,Utah,197.5,198.5,197.56666666666666
2007,03,11,Detroit,L.A. Clippers,175.5,177.5,177.23333333333332
2007,03,11,Denver,Sacramento,211.5,212.5,211.83333333333334
2007,03,11,Chicago,Boston,190.5,192.5,191.16666666666666
2007,03,11,Washington,Miami,196.5,200.5,197.56666666666666
2007,03,11,Indiana,Cleveland,184.5,185.5,184.56666666666666
2007,03,11,Orlando,Houston,185.5,187.5,186.83333333333334
2007,03,11,Dallas,L.A. Lakers,199.5,202.5,200.36666666666667
2007,03,11,Golden State,Portland,207.5,208.5,207.96666666666667
2007,03,12,Orlando,Charlotte,194.5,194.5,194.5
2007,03,12,Toronto,Milwaukee,205.5,206.5,205.63333333333333
2007,03,12,Brooklyn,Memphis,205.5,206.5,205.96666666666667
2007,03,12,Houston,Phoenix,205.5,206.5,206.43333333333334
2007,03,12,Dallas,Golden State,206.5,207.5,206.63333333333333
2007,03,13,Philadelphia,Atlanta,184.5,185.5,185.16666666666666
2007,03,13,Sacramento,Cleveland,191.5,196.5,192.36666666666667
2007,03,13,Utah,Miami,191.5,192.5,192.3
2007,03,13,Brooklyn,New Orleans,190.5,191.5,190.96666666666667
2007,03,13,L.A. Clippers,San Antonio,177.5,177.5,177.5
2007,03,13,Indiana,Minnesota,189.5,190.5,190.43333333333334
2007,03,13,Boston,Chicago,189.5,189.5,189.5
2007,03,13,Portland,Denver,202.5,203.5,203.43333333333334
2007,03,14,New York,Toronto,199.5,200.5,199.56666666666666
2007,03,14,Chicago,Philadelphia,185.5,186.5,186.36666666666667
2007,03,14,Sacramento,Charlotte,209.5,209.5,209.5
2007,03,14,Utah,Orlando,193.5,194.5,193.56666666666666
2007,03,14,Washington,Indiana,200.5,203.5,202.5
2007,03,14,Atlanta,Boston,189.5,189.5,189.5
2007,03,14,Cleveland,Memphis,200.5,203.5,203.16666666666666
2007,03,14,Phoenix,Dallas,207.5,207.5,207.5
2007,03,14,Detroit,Portland,181.5,181.5,181.5
2007,03,15,Miami,Brooklyn,185.5,188.5,188.03333333333333
2007,03,15,San Antonio,Milwaukee,190.5,192.5,190.63333333333333
2007,03,15,L.A. Lakers,Denver,212.5,212.5,212.5
2007,03,16,Utah,Philadelphia,188.5,192.5,190.1
2007,03,16,L.A. Clippers,Charlotte,194.5,194.5,194.5
2007,03,16,Houston,Toronto,193.5,197.5,195.76666666666668
2007,03,16,New Orleans,New York,192.5,193.5,193.43333333333334
2007,03,16,Sacramento,Miami,195.5,196.5,195.56666666666666
2007,03,16,Boston,Dallas,193.5,197.5,195.9
2007,03,16,Detroit,Phoenix,201.5,201.5,201.5
2007,03,16,Portland,L.A. Lakers,195.5,196.5,195.96666666666667
2007,03,16,Minnesota,Golden State,207.5,208.5,208.03333333333333
2007,03,17,New Orleans,Washington,203.5,204.5,204.43333333333334
2007,03,17,Sacramento,Orlando,199.5,202.5,202.3
2007,03,17,Atlanta,Indiana,188.5,189.5,189.43333333333334
2007,03,17,Utah,Cleveland,192.5,193.5,192.56666666666666
2007,03,17,Chicago,Memphis,203.5,203.5,203.5
2007,03,17,Boston,San Antonio,185.5,187.5,185.76666666666668
2007,03,17,Charlotte,Milwaukee,208.5,209.5,209.43333333333334
2007,03,17,Phoenix,Denver,222.5,223.5,222.63333333333333
2007,03,18,Toronto,New York,197.5,197.5,197.5
2007,03,18,Dallas,Detroit,182.5,183.5,183.3
2007,03,18,L.A. Clippers,Brooklyn,189.5,190.5,189.63333333333333
2007,03,18,Orlando,Miami,186.5,186.5,186.5
2007,03,18,Houston,Philadelphia,186.5,187.5,187.3
2007,03,18,Minnesota,L.A. Lakers,195.5,197.5,196.63333333333333
2007,03,19,Sacramento,Atlanta,198.5,201.5,200.76666666666668
2007,03,19,Boston,New Orleans,191.5,193.5,193.36666666666667
2007,03,20,Denver,Brooklyn,209.5,210.5,210.43333333333334
2007,03,20,Cleveland,Charlotte,194.5,195.5,194.56666666666666
2007,03,20,Dallas,New York,191.5,192.5,192.43333333333334
2007,03,20,Philadelphia,Detroit,179.5,182.5,179.7
2007,03,20,New Orleans,Memphis,207.5,209.5,209.1
2007,03,20,L.A. Clippers,Chicago,185.5,186.5,186.36666666666667
2007,03,20,Golden State,Utah,205.5,207.5,206.03333333333333
2007,03,20,Minnesota,Phoenix,209.5,212.5,212.16666666666666
2007,03,20,Washington,Portland,200.5,202.5,200.63333333333333
2007,03,21,Orlando,Toronto,193.5,194.5,193.56666666666666
2007,03,21,Miami,Atlanta,183.5,184.5,183.56666666666666
2007,03,21,Charlotte,Boston,198.5,199.5,199.43333333333334
2007,03,21,Dallas,Cleveland,186.5,187.5,187.36666666666667
2007,03,21,L.A. Clippers,Milwaukee,194.5,196.5,194.63333333333333
2007,03,21,Indiana,San Antonio,182.5,184.5,183.43333333333334
2007,03,21,Minnesota,Sacramento,199.5,200.5,200.3
2007,03,22,Portland,New York,182.5,183.5,182.63333333333333
2007,03,22,L.A. Lakers,Memphis,213.5,214.5,214.03333333333333
2007,03,22,Denver,Chicago,202.5,203.5,203.1
2007,03,22,Detroit,Houston,181.5,181.5,181.5
2007,03,22,Sacramento,Phoenix,215.5,216.5,216.16666666666666
2007,03,23,Denver,Toronto,206.5,212.5,211.96666666666667
2007,03,23,Charlotte,Philadelphia,188.5,189.5,189.43333333333334
2007,03,23,Brooklyn,Orlando,186.5,188.5,187.56666666666666
2007,03,23,Miami,Indiana,181.5,181.5,181.5
2007,03,23,Dallas,Boston,192.5,193.5,192.96666666666667
2007,03,23,Portland,Atlanta,181.5,181.5,181.5
2007,03,23,New York,Cleveland,185.5,186.5,186.36666666666667
2007,03,23,L.A. Lakers,New Orleans,201.5,203.5,202.83333333333334
2007,03,23,Detroit,San Antonio,174.5,175.5,175.1
2007,03,23,Utah,L.A. Clippers,188.5,191.5,189.5
2007,03,23,Washington,Golden State,218.5,219.5,219.36666666666667
2007,03,24,Brooklyn,Charlotte,193.5,195.5,194.03333333333333
2007,03,24,Philadelphia,Miami,181.5,182.5,182.23333333333332
2007,03,24,Memphis,Utah,210.5,211.5,211.36666666666667
2007,03,24,Washington,L.A. Clippers,205.5,206.5,206.16666666666666
2007,03,25,Dallas,Atlanta,186.5,187.5,187.16666666666666
2007,03,25,Chicago,Indiana,182.5,183.5,183.36666666666667
2007,03,25,Detroit,Milwaukee,186.5,188.5,187.3
2007,03,25,Portland,Minnesota,182.5,182.5,182.5
2007,03,25,Phoenix,Sacramento,216.5,218.5,217.56666666666666
2007,03,25,Denver,Cleveland,204.5,205.5,205.23333333333332
2007,03,25,Houston,New Orleans,189.5,192.5,191.23333333333332
2007,03,25,Golden State,L.A. Lakers,222.5,222.5,222.5
2007,03,26,Toronto,Boston,194.5,198.5,195.43333333333334
2007,03,26,Orlando,New York,181.5,183.5,181.63333333333333
2007,03,26,Atlanta,Miami,180.5,183.5,182.63333333333333
2007,03,26,Denver,Detroit,194.5,198.5,195.7
2007,03,26,Portland,Chicago,183.5,185.5,183.63333333333333
2007,03,26,Milwaukee,Houston,199.5,201.5,200.83333333333334
2007,03,26,Washington,Utah,213.5,213.5,213.5
2007,03,26,Memphis,Phoenix,224.5,227.5,226.63333333333333
2007,03,26,San Antonio,Golden State,201.5,202.5,202.16666666666666
2007,03,27,Cleveland,Indiana,180.5,181.5,181.3
2007,03,27,Dallas,New Orleans,194.5,195.5,194.56666666666666
2007,03,27,Memphis,L.A. Lakers,218.5,219.5,218.7
2007,03,28,Miami,Toronto,187.5,188.5,188.16666666666666
2007,03,28,Philadelphia,Washington,205.5,206.5,206.03333333333333
2007,03,28,Atlanta,Charlotte,193.5,195.5,194.83333333333334
2007,03,28,Indiana,Brooklyn,185.5,186.5,185.63333333333333
2007,03,28,Cleveland,New York,182.5,182.5,182.5
2007,03,28,Orlando,Boston,185.5,187.5,186.83333333333334
2007,03,28,New Orleans,San Antonio,188.5,188.5,188.5
2007,03,28,Milwaukee,Dallas,199.5,202.5,201.5
2007,03,28,Minnesota,Utah,190.5,191.5,190.9
2007,03,28,Houston,L.A. Clippers,186.5,187.5,187.36666666666667
2007,03,29,Detroit,Chicago,180.5,182.5,181.16666666666666
2007,03,29,Memphis,Portland,195.5,197.5,196.83333333333334
2007,03,29,Phoenix,Golden State,224.5,225.5,225.03333333333333
2007,03,30,Boston,Philadelphia,184.5,185.5,184.56666666666666
2007,03,30,Toronto,Washington,210.5,214.5,214.23333333333332
2007,03,30,Milwaukee,Charlotte,204.5,206.5,206.36666666666667
2007,03,30,Indiana,Orlando,181.5,183.5,183.23333333333332
2007,03,30,Brooklyn,Detroit,181.5,183.5,182.43333333333334
2007,03,30,Utah,San Antonio,184.5,186.5,185.3
2007,03,30,Miami,Minnesota,183.5,184.5,184.36666666666667
2007,03,30,New York,Dallas,186.5,191.5,190.5
2007,03,30,Denver,Phoenix,224.5,225.5,224.56666666666666
2007,03,30,Houston,L.A. Lakers,196.5,198.5,196.63333333333333
2007,03,30,L.A. Clippers,Sacramento,195.5,197.5,196.03333333333333
2007,03,31,Cleveland,Chicago,183.5,184.5,184.36666666666667
2007,03,31,Philadelphia,Brooklyn,189.5,189.5,189.5
2007,03,31,New York,New Orleans,188.5,190.5,189.96666666666667
2007,03,31,L.A. Clippers,Portland,179.5,184.5,180.36666666666667
